id,category,raw_text
1,Movie Review,"<div><b>BEST MOVIE OF 2024!!!</b> The acting was soooo good and the climax was mind blowing. Check trailer at https://moviehub.com/trailer or email info@cinema.com 🔥🎬</div>"
2,Tweet / Social Media,"omg this phone battery is terribleeee... drained in 3 hours!! pls fix this update @support. u guys promised gr8 performance 😡👎"
3,Product Review,"<p>Ordered these wireless earbuds on 15/08/2024 for $49.99. Sound quality is 10/10, bass is heavy, and connectivity is smooth! Visit https://audiotech.io/earbuds</p>"
4,Support Ticket,"Customer service was completely useless... Waited 45 mins on call. Ticket #88412. Send refund details to user_parth@email.in ASAP! Never ordering again!!"
5,Movie Review,"The visual effects were amaziiing! I watched it 3 times in IMAX with my friends. Rating: 5/5 stars ⭐⭐⭐⭐⭐"
6,Tweet / Social Media,"hey guys, thx for the support on my new vlog! Watch full video here: https://youtube.com/watch?v=sample123. u won't regret it 🎉🚀"
7,Product Review,"<div>DO NOT BUY THIS LAPTOP!! Overheating issue at 90C within 15 mins of gaming. Contacting seller at returns@techstore.org <div>"
8,Social Media,"cooool weather outside today! Sitting in the garden and reading interesting studies on climate change. leaves are falling everywhere 🍂"
9,Support Ticket,"App crashes repeatedly whenever I click checkout button... Error code 500! Fix it pls bcoz I want to place order before midnight ⏱️"
10,Movie Review,"<span class=\"review\">Worst sequel ever made... Dialogue was boring and plot had 100 plotholes. Total waste of $15. Rating: 1 star.</span>"
11,Product Review,"The running shoes fit perfectly. I was running 6 miles daily and they feel super comfortable. Highly recommended! 👍"
12,Tweet / Social Media,"idk why people hate this show so much? The storyline was gr8 and actors did a wonderful job. What do u think? 🤔"
13,Social Media,"Discount code SAVE30 is working! Got 30% off on all sneakers at https://shoespot.com/sale. Offer ends today at 11:59 PM!"
14,Customer Feedback,"The doctor was very caring and polite. She examined all medical reports carefully before prescribing medicines. Great experience! ❤️"
15,Product Review,"<b>Fast delivery!</b> Package arrived in 2 days undamaged. Quality of the leather jacket is premium. Worth every penny! 🧥"
16,Support Ticket,"Can someone help me reset password? I did not receive verification OTP on my email alex99@domain.com. Pls resolve quickly!"
17,Tweet / Social Media,"noooo way! Our team won the championship match in last 10 seconds! What a historic comeback 🏆🔥"
18,Movie Review,"<p>Loved the cinematography and background score! Better than all previous franchise movies. Check review at https://filmblog.net/review</p>"
19,Product Review,"Mechanical keyboard feels clicky and responsive. RGB lighting has 16 modes. Battery lasts 40 hours easily on single charge ⌨️"
20,Support Ticket,"Flight AI-302 got delayed by 4 hours without notice. Airlines gave 0 food vouchers. Extremely frustrated with this service! ✈️"
21,Social Media,"learning NLP and text preprocessing today! It is sooo interesting to see how computers understand human languages 💻📚"
22,Product Review,"<a href=\"https://smartshop.in/deals\">Click here</a> to get smart watch at 50% discount. Tracks heart rate and sleeping patterns accurately."
23,Customer Feedback,"Hotel room was neat and clean. AC was working properly and staff was very polite. Will definitely visit again next year! 🏨"
24,Tweet / Social Media,"omg wait... did u see the new electric car launch today? The design looks from future! Check photos at https://evnews.org/launch 🚗"
25,Movie Review,"Average thriller movie... First half was exciting but second half was predictable. Good for one-time watch on weekend."
