emp_id,joining_date,age,department,experience,projects_completed,salary
101,2021-03-15,28,IT,3,6,65000
102,2019-07-22,32,HR,5,10,52000
103,2015-01-10,45,Finance,12,24,95000
104,2022-06-01,26,Marketing,2,4,48000
105,2017-09-18,38,IT,9,18,82000
106,2020-11-05,29,HR,4,8,50000
107,2018-04-12,35,Finance,8,15,78000
108,2016-08-30,41,IT,10,21,89000
109,2023-02-14,24,Marketing,1,2,42000
110,2019-10-25,31,Finance,6,12,68000
111,2018-05-19,36,HR,8,16,72000
112,2014-03-08,48,IT,15,30,110000
113,2021-12-01,27,HR,3,5,49000
114,2019-01-17,33,Finance,7,14,75000
115,2020-07-29,30,Marketing,5,9,58000
116,2016-11-11,42,IT,11,22,92000
117,2022-09-05,25,HR,2,4,46000
118,2017-02-20,39,Finance,10,19,85000
119,2019-08-14,34,Marketing,6,11,61000
120,2015-06-23,44,IT,13,26,99000
