age,trestbps,chol,thalach,oldpeak,target
63,145,233,150,2.3,1
37,130,250,187,3.5,1
41,130,204,172,1.4,1
56,120,236,178,0.8,1
57,120,354,163,0.6,1
57,140,192,148,0.4,1
56,140,294,153,1.3,1
44,120,263,173,0.0,1
52,172,199,162,0.5,1
57,150,168,174,1.6,1
54,140,239,160,1.2,1
48,130,275,139,0.2,1
49,130,266,171,0.6,1
64,110,211,144,1.8,1
58,150,283,162,1.0,1
50,120,219,158,1.6,1
58,120,340,172,0.0,1
66,150,226,114,2.6,1
43,150,247,171,1.5,1
69,140,239,151,1.8,1
59,135,234,161,0.5,1
44,130,233,179,0.4,1
42,140,226,178,0.0,1
61,140,207,138,1.9,0
40,140,199,178,1.4,1
71,160,302,162,0.4,1
59,150,212,157,1.6,0
51,110,175,123,0.6,0
65,140,417,157,0.8,0
53,142,226,111,0.0,0
41,110,172,158,0.0,0
65,135,254,127,2.8,0
44,120,169,144,2.8,0
60,130,253,144,1.4,0
63,150,407,154,4.0,0
55,140,217,111,5.6,0
65,110,248,158,0.6,0
57,110,201,126,1.5,0
54,120,188,113,1.4,0
56,130,256,142,0.6,0
44,112,290,153,0.0,0
52,128,255,161,0.0,0
59,110,239,142,1.2,0
60,140,293,170,1.2,0
63,124,197,136,0.0,0
59,160,273,125,1.0,0
57,150,276,112,0.6,0
55,132,353,132,1.2,0
61,120,260,140,3.6,0
58,114,318,140,4.4,0
