id,category,raw_text,clean_text_advanced,text_no_stopwords
1,Product Review,<div><b>Awesome phone!</b> Battery lasted 24 hours easily. Check deal at https://shop.com/phone2024 or email support@gadgets.com 🔥👍</div>,awesome phone battery lasted hours easily check deal at or email,awesome phone battery lasted hours easily check deal email
2,Support Ticket,Worst service EVER!!! The order arrived after 14 days and package was broken... Contact me at refund@store.org 😡,worst service ever the order arrived after days and package was broken contact me at,worst service ever order arrived days package broken contact
3,Product Review,<p>Loving this new laptop! Great for coding &amp; gaming. Runs faster than previous models. Visit https://techreviews.org/laptop</p>,loving this new laptop great for coding gaming runs faster than previous models visit,loving new laptop great coding gaming runs faster previous models visit
4,Customer Feedback,Customer care refused to replace the item!! Ticket #90210 opened on 12/05/2024. Email: care@retailer.com. NEVER BUYING AGAIN 👎,customer care refused to replace the item ticket opened on email never buying again,customer care refused replace item ticket opened email never buying
5,Product Review,The running shoes are amazing! I was running 5 miles every day and they feel comfortable. 5 stars ⭐⭐⭐,the running shoes are amazing i was running miles every day and they feel comfortable stars,running shoes amazing running miles every day feel comfortable stars
6,Support Ticket,<div>Please cancel my subscription immediately! I am paying $29.99 per month without using it. Reach out: user99@email.com</div>,please cancel my subscription immediately i am paying per month without using it reach out,please cancel subscription immediately paying per month without using reach
7,Product Review,"Fast shipping, arrived in 2 days. The books were well packed and undamaged. Highly recommended! 👍",fast shipping arrived in days the books were well packed and undamaged highly recommended,fast shipping arrived days books well packed undamaged highly recommended
8,Social Media,"Hey guys, check out my new unboxing video at https://youtube.com/watch?v=unboxing123. Don't forget to subscribe! 🎉",hey guys check out my new unboxing video at dont forget to subscribe,hey guys check new unboxing video dont forget subscribe
9,Product Review,"<span class=\review\"">Audio quality is terrible... crackling noises at high volume. Rating: 1/5 stars.</span>""",audio quality is terrible crackling noises at high volume rating stars,audio quality terrible crackling noises high volume rating stars
10,Customer Feedback,The doctor was very caring and attentive. She was studying all medical reports carefully before prescribing medicine.,the doctor was very caring and attentive she was studying all medical reports carefully before prescribing medicine,doctor caring attentive studying medical reports carefully prescribing medicine
11,Support Ticket,Order #45892 delayed again! What is happening with FedEx? Track here: https://tracking.fedex.com/track?id=45892 📦,order delayed again what is happening with fedex track here,order delayed happening fedex track
12,Product Review,"<b>Excellent food &amp; drinks!</b> We had pizza and pasta, best Italian dinner in 2024. Visit us at https://bistrorome.it",excellent food drinks we had pizza and pasta best italian dinner in visit us at,excellent food drinks pizza pasta best italian dinner visit us
13,Support Ticket,APP CRASHES repeatedly whenever I click on profile settings... Fix this bug ASAP! Sent crash log to dev@mobileapp.io 🐛,app crashes repeatedly whenever i click on profile settings fix this bug asap sent crash log to,app crashes repeatedly whenever click profile settings fix bug asap sent crash log
14,Social Media,These leaves are falling rapidly from the trees in autumn. The children were happily playing outside in the garden.,these leaves are falling rapidly from the trees in autumn the children were happily playing outside in the garden,leaves falling rapidly trees autumn children happily playing outside garden
15,Social Media,Discount code SAVE20 works! Got 20% off on all items. Go to https://fashiondeals.net/promo before midnight ⏳,discount code save works got off on all items go to before midnight,discount code save works got items go midnight
16,Product Review,The wireless headphones connected smoothly to my MacBook. Sound clarity is crisp and bass is deep! 🎧,the wireless headphones connected smoothly to my macbook sound clarity is crisp and bass is deep,wireless headphones connected smoothly macbook sound clarity crisp bass deep
17,Customer Feedback,"<div>Terrible hotel experience! Room was dirty, AC was not working at 35 degrees Celsius. Refund needed!</div>",terrible hotel experience room was dirty ac was not working at degrees celsius refund needed,terrible hotel experience room dirty ac working degrees celsius refund needed
18,Support Ticket,Can someone help me with my account login? Error code 403 forbidden. My registered email is parth123@sample.in.,can someone help me with my account login error code forbidden my registered email is,someone help account login error code forbidden registered email
19,Customer Feedback,The scientist presented interesting studies on climate change. Many different corpora were analyzed for this research.,the scientist presented interesting studies on climate change many different corpora were analyzed for this research,scientist presented interesting studies climate change many different corpora analyzed research
20,Product Review,Super quick delivery! Ordered at 9 AM and received by 2 PM. Very satisfied customer! 🚚💨,super quick delivery ordered at am and received by pm very satisfied customer,super quick delivery ordered received pm satisfied customer
21,Product Review,"This smart watch tracks sleeping hours, heart rate, and steps accurately. Best tech purchase of 2024 so far! ⌚",this smart watch tracks sleeping hours heart rate and steps accurately best tech purchase of so far,smart watch tracks sleeping hours heart rate steps accurately best tech purchase far
22,Social Media,"<a href=\https://myshop.com/shoes\"">Click here</a> to buy stylish sneakers at $45 only. Free shipping available across USA!""",click here to buy stylish sneakers at only free shipping available across usa,click buy stylish sneakers free shipping available across usa
23,Customer Feedback,Horrible customer experience... Waited 45 minutes on the phone call and nobody answered! Total waste of time ⏱️,horrible customer experience waited minutes on the phone call and nobody answered total waste of time,horrible customer experience waited minutes phone call nobody answered total waste time
24,Customer Feedback,The flight was delayed by 3 hours due to heavy rain. Airlines offered snacks and water vouchers to all passengers. ✈️,the flight was delayed by hours due to heavy rain airlines offered snacks and water vouchers to all passengers,flight delayed hours due heavy rain airlines offered snacks water vouchers passengers
25,Product Review,"Loving the new update! The interface looks cleaner, buttons are responsive, and dark mode is finally here! 🚀❤️",loving the new update the interface looks cleaner buttons are responsive and dark mode is finally here,loving new update interface looks cleaner buttons responsive dark mode finally
