id,title,genres,overview,release_year,vote_average,tags,clean_text
1,The Dark Knight,Action Crime Drama,"Batman raises the stakes in his war on crime. With the help of Lt. Jim Gordon and District Attorney Harvey Dent, Batman sets out to dismantle the remaining criminal organizations that plague the streets. But they soon find themselves prey to a reign of chaos unleashed by a rising criminal mastermind known as the Joker.",2008,9.0,"Action Crime Drama Batman raises the stakes in his war on crime. With the help of Lt. Jim Gordon and District Attorney Harvey Dent, Batman sets out to dismantle the remaining criminal organizations that plague the streets. But they soon find themselves prey to a reign of chaos unleashed by a rising criminal mastermind known as the Joker.",action crime drama batman raises stakes war crime help lt jim gordon district attorney harvey dent batman sets dismantle remaining criminal organizations plague streets soon prey reign chaos unleashed rising criminal mastermind known joker
2,Batman Begins,Action Crime Drama,"Driven by tragedy, billionaire Bruce Wayne dedicates his life to uncovering and defeating the corruption that infests his home city of Gotham. Patrolling the streets night after night, Wayne assumes the role of Batman to strike fear into criminals.",2005,8.2,"Action Crime Drama Driven by tragedy, billionaire Bruce Wayne dedicates his life to uncovering and defeating the corruption that infests his home city of Gotham. Patrolling the streets night after night, Wayne assumes the role of Batman to strike fear into criminals.",action crime drama driven tragedy billionaire bruce wayne dedicates life uncovering defeating corruption infests home city gotham patrolling streets night night wayne assumes role batman strike fear criminals
3,The Dark Knight Rises,Action Crime Drama,"Following the death of District Attorney Harvey Dent, Batman assumes responsibility for Dent's crimes. Eight years later, Batman encounters Selina Kyle and the villainous Bane, a terrorist leader who overwhelms Gotham.",2012,8.4,"Action Crime Drama Following the death of District Attorney Harvey Dent, Batman assumes responsibility for Dent's crimes. Eight years later, Batman encounters Selina Kyle and the villainous Bane, a terrorist leader who overwhelms Gotham.",action crime drama following death district attorney harvey dent batman assumes responsibility dent s crimes years later batman encounters selina kyle villainous bane terrorist leader overwhelms gotham
4,Inception,Action Science Fiction Adventure,"Cobb, a skilled thief who commits corporate espionage by infiltrating the subconscious of targets, is offered a chance to regain his old life for an impossible task: inception, planting an idea into a subconscious mind.",2010,8.8,"Action Science Fiction Adventure Cobb, a skilled thief who commits corporate espionage by infiltrating the subconscious of targets, is offered a chance to regain his old life for an impossible task: inception, planting an idea into a subconscious mind.",action science fiction adventure cobb skilled thief commits corporate espionage infiltrating subconscious targets offered chance regain old life impossible task inception planting idea subconscious mind
5,Interstellar,Adventure Drama Science Fiction,A team of explorers travel through a newly discovered wormhole in space to surpass the limitations on human space travel and ensure humanity's survival across interstellar distances.,2014,8.6,Adventure Drama Science Fiction A team of explorers travel through a newly discovered wormhole in space to surpass the limitations on human space travel and ensure humanity's survival across interstellar distances.,adventure drama science fiction team explorers travel newly discovered wormhole space surpass limitations human space travel ensure humanity s survival interstellar distances
6,The Matrix,Action Science Fiction,"Set in the 22nd century, The Matrix tells the story of a computer hacker who joins underground insurgents fighting artificial intelligence machines that have trapped humanity in a simulated reality.",1999,8.7,"Action Science Fiction Set in the 22nd century, The Matrix tells the story of a computer hacker who joins underground insurgents fighting artificial intelligence machines that have trapped humanity in a simulated reality.",action science fiction set 22nd century matrix tells story computer hacker joins underground insurgents fighting artificial intelligence machines trapped humanity simulated reality
7,The Matrix Reloaded,Action Science Fiction,"Neo and Trinity fight against machines to protect Zion, the last human stronghold, while learning more about the origins and control mechanisms of the Matrix system.",2003,7.2,"Action Science Fiction Neo and Trinity fight against machines to protect Zion, the last human stronghold, while learning more about the origins and control mechanisms of the Matrix system.",action science fiction neo trinity fight machines protect zion human stronghold learning origins control mechanisms matrix
8,Blade Runner 2049,Science Fiction Drama Mystery,"Thirty years after the first film, a new blade runner, LAPD Officer K, unearths a secret that could plunge society into chaos, leading him on a quest to find former blade runner Rick Deckard.",2017,8.0,"Science Fiction Drama Mystery Thirty years after the first film, a new blade runner, LAPD Officer K, unearths a secret that could plunge society into chaos, leading him on a quest to find former blade runner Rick Deckard.",science fiction drama mystery thirty years film new blade runner lapd officer k unearths secret plunge society chaos leading quest blade runner rick deckard
9,Avatar,Action Adventure Fantasy Science Fiction,"A paraplegic Marine is dispatched to the alien moon Pandora on a unique mission, but becomes torn between following orders and protecting an alien civilization on a lush extraterrestrial world.",2009,7.9,"Action Adventure Fantasy Science Fiction A paraplegic Marine is dispatched to the alien moon Pandora on a unique mission, but becomes torn between following orders and protecting an alien civilization on a lush extraterrestrial world.",action adventure fantasy science fiction paraplegic marine dispatched alien moon pandora unique mission torn following orders protecting alien civilization lush extraterrestrial world
10,The Avengers,Action Adventure Science Fiction,"When an unexpected enemy emerges and threatens global security, Nick Fury brings together Iron Man, Captain America, Thor, and the Hulk to form the Avengers superhero team.",2012,8.0,"Action Adventure Science Fiction When an unexpected enemy emerges and threatens global security, Nick Fury brings together Iron Man, Captain America, Thor, and the Hulk to form the Avengers superhero team.",action adventure science fiction unexpected enemy emerges threatens global security nick fury brings iron man captain america thor hulk form avengers superhero team
11,Avengers: Age of Ultron,Action Adventure Science Fiction,"When Tony Stark attempts to jumpstart an artificial intelligence peacekeeping program called Ultron, the Avengers must assemble to stop Ultron from destroying humanity.",2015,7.3,"Action Adventure Science Fiction When Tony Stark attempts to jumpstart an artificial intelligence peacekeeping program called Ultron, the Avengers must assemble to stop Ultron from destroying humanity.",action adventure science fiction tony stark attempts jumpstart artificial intelligence peacekeeping program called ultron avengers assemble stop ultron destroying humanity
12,Avengers: Infinity War,Action Adventure Science Fiction,The Avengers and their superhero allies must be willing to sacrifice everything in an attempt to defeat the powerful cosmic despot Thanos before his blitz of devastation ruins the universe.,2018,8.4,Action Adventure Science Fiction The Avengers and their superhero allies must be willing to sacrifice everything in an attempt to defeat the powerful cosmic despot Thanos before his blitz of devastation ruins the universe.,action adventure science fiction avengers superhero allies willing sacrifice attempt defeat powerful cosmic despot thanos blitz devastation ruins universe
13,Iron Man,Action Adventure Science Fiction,"After being held captive in an Afghan cave, billionaire engineer Tony Stark creates a unique weaponized suit of armor to fight evil and becomes the superhero Iron Man.",2008,7.9,"Action Adventure Science Fiction After being held captive in an Afghan cave, billionaire engineer Tony Stark creates a unique weaponized suit of armor to fight evil and becomes the superhero Iron Man.",action adventure science fiction held captive afghan cave billionaire engineer tony stark creates unique weaponized suit armor fight evil superhero iron man
14,Captain America: Civil War,Action Adventure Science Fiction,"Disagreement over international oversight of the Avengers fractures the superhero team into two opposing factions, one led by Steve Rogers and the other by Tony Stark.",2016,7.8,"Action Adventure Science Fiction Disagreement over international oversight of the Avengers fractures the superhero team into two opposing factions, one led by Steve Rogers and the other by Tony Stark.",action adventure science fiction disagreement international oversight avengers fractures superhero team opposing factions led steve rogers tony stark
15,Spider-Man: No Way Home,Action Adventure Science Fiction,"Peter Parker seeks help from Doctor Strange to restore his secret identity as Spider-Man, but a spell goes wrong, breaking open the multiverse and summoning dangerous villains.",2021,8.2,"Action Adventure Science Fiction Peter Parker seeks help from Doctor Strange to restore his secret identity as Spider-Man, but a spell goes wrong, breaking open the multiverse and summoning dangerous villains.",action adventure science fiction peter parker seeks help doctor strange restore secret identity spider man spell goes wrong breaking open multiverse summoning dangerous villains
16,Toy Story,Animation Comedy Family,A cowboy doll named Woody is profoundly threatened and jealous when a new spaceman figure named Buzz Lightyear becomes the top toy in a young boy named Andy's bedroom.,1995,8.3,Animation Comedy Family A cowboy doll named Woody is profoundly threatened and jealous when a new spaceman figure named Buzz Lightyear becomes the top toy in a young boy named Andy's bedroom.,animation comedy family cowboy doll named woody profoundly threatened jealous new spaceman figure named buzz lightyear toy young boy named andy s bedroom
17,Toy Story 2,Animation Comedy Family,"When Woody is stolen by a toy collector, Buzz Lightyear and his toy friends mount a rescue mission to save him before he becomes a museum property in Japan.",1999,7.9,"Animation Comedy Family When Woody is stolen by a toy collector, Buzz Lightyear and his toy friends mount a rescue mission to save him before he becomes a museum property in Japan.",animation comedy family woody stolen toy collector buzz lightyear toy friends mount rescue mission save museum property japan
18,Toy Story 3,Animation Comedy Family,"The toys are mistakenly delivered to a daycare center instead of the attic right before Andy leaves for college, and it is up to Woody to convince the other toys that they were not abandoned.",2010,8.3,"Animation Comedy Family The toys are mistakenly delivered to a daycare center instead of the attic right before Andy leaves for college, and it is up to Woody to convince the other toys that they were not abandoned.",animation comedy family toys mistakenly delivered daycare center instead attic right andy leaves college woody convince toys abandoned
19,"Monsters, Inc.",Animation Comedy Family,"Top monsters Sulley and Mike work at a factory that generates power from human children screams, but chaos erupts when a sweet little girl accidentally enters the monster world.",2001,8.1,"Animation Comedy Family Top monsters Sulley and Mike work at a factory that generates power from human children screams, but chaos erupts when a sweet little girl accidentally enters the monster world.",animation comedy family monsters sulley mike work factory generates power human children screams chaos erupts sweet little girl accidentally enters monster world
20,Finding Nemo,Animation Family Comedy,"After his young son Nemo is captured in the Great Barrier Reef and taken to Sydney, a timid clownfish named Marlin sets out on an ocean journey with an amnesiac fish named Dory to rescue him.",2003,8.2,"Animation Family Comedy After his young son Nemo is captured in the Great Barrier Reef and taken to Sydney, a timid clownfish named Marlin sets out on an ocean journey with an amnesiac fish named Dory to rescue him.",animation family comedy young son nemo captured great barrier reef taken sydney timid clownfish named marlin sets ocean journey amnesiac fish named dory rescue
21,The Lion King,Animation Drama Family,"Lion prince Simba and his father are targeted by his bitter uncle Scar, who wants to ascend the throne. Simba flees into exile but returns to reclaim his royal kingdom.",1994,8.5,"Animation Drama Family Lion prince Simba and his father are targeted by his bitter uncle Scar, who wants to ascend the throne. Simba flees into exile but returns to reclaim his royal kingdom.",animation drama family lion prince simba father targeted bitter uncle scar wants ascend throne simba flees exile returns reclaim royal kingdom
22,Up,Animation Comedy Family Adventure,"An elderly widower named Carl Fredricksen ties thousands of balloons to his house to fly away to Paradise Falls in South America, unknowingly taking a young wilderness explorer with him.",2009,8.2,"Animation Comedy Family Adventure An elderly widower named Carl Fredricksen ties thousands of balloons to his house to fly away to Paradise Falls in South America, unknowingly taking a young wilderness explorer with him.",animation comedy family adventure elderly widower named carl fredricksen ties thousands balloons house fly away paradise falls south america unknowingly taking young wilderness explorer
23,Shrek,Animation Comedy Fantasy Adventure,"A mean lord exiles fairytale creatures to the swamp of a grumpy ogre named Shrek, who must go on a quest and rescue a spirited princess for the lord in order to get his land back.",2001,7.9,"Animation Comedy Fantasy Adventure A mean lord exiles fairytale creatures to the swamp of a grumpy ogre named Shrek, who must go on a quest and rescue a spirited princess for the lord in order to get his land back.",animation comedy fantasy adventure mean lord exiles fairytale creatures swamp grumpy ogre named shrek quest rescue spirited princess lord order land
24,The Godfather,Drama Crime,The aging patriarch of an organized crime dynasty in New York transfers control of his clandestine empire to his reluctant youngest son Michael Corleone.,1972,9.2,Drama Crime The aging patriarch of an organized crime dynasty in New York transfers control of his clandestine empire to his reluctant youngest son Michael Corleone.,drama crime aging patriarch organized crime dynasty new york transfers control clandestine empire reluctant youngest son michael corleone
25,The Godfather Part II,Drama Crime,"The early life and career of Vito Corleone in 1920s New York City is portrayed, while his son Michael expands and tightens his grip on the family crime syndicate across Nevada and Cuba.",1974,9.0,"Drama Crime The early life and career of Vito Corleone in 1920s New York City is portrayed, while his son Michael expands and tightens his grip on the family crime syndicate across Nevada and Cuba.",drama crime early life career vito corleone 1920s new york city portrayed son michael expands tightens grip family crime syndicate nevada cuba
26,Pulp Fiction,Thriller Crime,"The lives of two mob hitmen, a boxer, a gangster and his wife, and a pair of diner bandits intertwine in four tales of violence and redemption in Los Angeles.",1994,8.9,"Thriller Crime The lives of two mob hitmen, a boxer, a gangster and his wife, and a pair of diner bandits intertwine in four tales of violence and redemption in Los Angeles.",thriller crime lives mob hitmen boxer gangster wife pair diner bandits intertwine tales violence redemption los angeles
27,GoodFellas,Drama Crime,"The story of Henry Hill and his life in the mob, covering his relationship with his wife and his mafia partners Jimmy Conway and Tommy DeVito in the Italian-American crime syndicate.",1990,8.7,"Drama Crime The story of Henry Hill and his life in the mob, covering his relationship with his wife and his mafia partners Jimmy Conway and Tommy DeVito in the Italian-American crime syndicate.",drama crime story henry hill life mob covering relationship wife mafia partners jimmy conway tommy devito italian american crime syndicate
28,The Departed,Drama Crime Mystery Thriller,An undercover cop and a mole in the police force attempt to identify each other while infiltrating an Irish gang in South Boston.,2006,8.5,Drama Crime Mystery Thriller An undercover cop and a mole in the police force attempt to identify each other while infiltrating an Irish gang in South Boston.,drama crime mystery thriller undercover cop mole police force attempt identify infiltrating irish gang south boston
29,Fight Club,Drama,"An insomniac office worker and a devil-may-care soap maker form an underground fight club that evolves into much more, spreading into an anarchic anti-consumerist movement.",1999,8.8,"Drama An insomniac office worker and a devil-may-care soap maker form an underground fight club that evolves into much more, spreading into an anarchic anti-consumerist movement.",drama insomniac office worker devil care soap maker form underground fight club evolves spreading anarchic anti consumerist movement
30,The Shawshank Redemption,Drama Crime,"Over the course of several years, two convicts form a friendship, seeking consolation and, eventually, redemption through basic compassion inside the walls of Shawshank prison.",1994,9.3,"Drama Crime Over the course of several years, two convicts form a friendship, seeking consolation and, eventually, redemption through basic compassion inside the walls of Shawshank prison.",drama crime course years convicts form friendship seeking consolation eventually redemption basic compassion inside walls shawshank prison
31,Titanic,Drama Romance,"A seventeen-year-old aristocrat falls in love with a kind but poor artist aboard the luxurious, ill-fated R.M.S. Titanic during its maiden voyage across the Atlantic Ocean.",1997,7.9,"Drama Romance A seventeen-year-old aristocrat falls in love with a kind but poor artist aboard the luxurious, ill-fated R.M.S. Titanic during its maiden voyage across the Atlantic Ocean.",drama romance seventeen year old aristocrat falls love kind poor artist aboard luxurious ill fated r m s titanic maiden voyage atlantic ocean
32,The Notebook,Romance Drama,"A poor yet passionate young man falls in love with a rich young woman, giving her a sense of freedom, but they are soon separated because of their social differences.",2004,7.8,"Romance Drama A poor yet passionate young man falls in love with a rich young woman, giving her a sense of freedom, but they are soon separated because of their social differences.",romance drama poor passionate young man falls love rich young woman giving sense freedom soon separated social differences
33,La La Land,Comedy Drama Romance,"While navigating their careers in Los Angeles, a pianist and an actress fall in love while attempting to reconcile their aspirations for the future.",2016,8.0,"Comedy Drama Romance While navigating their careers in Los Angeles, a pianist and an actress fall in love while attempting to reconcile their aspirations for the future.",comedy drama romance navigating careers los angeles pianist actress fall love attempting reconcile aspirations future
34,Pride and Prejudice,Drama Romance,"Sparks fly when spirited Elizabeth Bennet meets single, rich, and proud Mr. Darcy. But Mr. Darcy reluctantly finds himself falling in love with a woman beneath his class.",2005,7.8,"Drama Romance Sparks fly when spirited Elizabeth Bennet meets single, rich, and proud Mr. Darcy. But Mr. Darcy reluctantly finds himself falling in love with a woman beneath his class.",drama romance sparks fly spirited elizabeth bennet meets single rich proud mr darcy mr darcy reluctantly finds falling love woman beneath class
35,The Conjuring,Horror Thriller,"Paranormal investigators Ed and Lorraine Warren work to help a family terrorized by a dark presence in their farmhouse, facing a terrifying demonic entity.",2013,7.5,"Horror Thriller Paranormal investigators Ed and Lorraine Warren work to help a family terrorized by a dark presence in their farmhouse, facing a terrifying demonic entity.",horror thriller paranormal investigators ed lorraine warren work help family terrorized dark presence farmhouse facing terrifying demonic entity
36,The Conjuring 2,Horror Mystery Thriller,Lorraine and Ed Warren travel to North London to help a single mother raising four children alone in a house plagued by a malicious spirit and supernatural entities.,2016,7.3,Horror Mystery Thriller Lorraine and Ed Warren travel to North London to help a single mother raising four children alone in a house plagued by a malicious spirit and supernatural entities.,horror mystery thriller lorraine ed warren travel north london help single mother raising children house plagued malicious spirit supernatural entities
37,Insidious,Horror Mystery Thriller,A family looks to prevent evil spirits from trapping their comatose child in a realm called The Further after moving into a haunted house.,2010,6.8,Horror Mystery Thriller A family looks to prevent evil spirits from trapping their comatose child in a realm called The Further after moving into a haunted house.,horror mystery thriller family looks prevent evil spirits trapping comatose child realm called moving haunted house
38,A Quiet Place,Horror Drama Science Fiction,A family must navigate their lives in silence while hiding from mysterious extraterrestrial monsters with ultra-sensitive hearing that hunt any sound.,2018,7.5,Horror Drama Science Fiction A family must navigate their lives in silence while hiding from mysterious extraterrestrial monsters with ultra-sensitive hearing that hunt any sound.,horror drama science fiction family navigate lives silence hiding mysterious extraterrestrial monsters ultra sensitive hearing hunt sound
39,The Shining,Horror Thriller,"A family heads to an isolated hotel for the winter where a sinister presence influences the father into violence, while his psychic son sees horrific forebodings from both past and future.",1980,8.4,"Horror Thriller A family heads to an isolated hotel for the winter where a sinister presence influences the father into violence, while his psychic son sees horrific forebodings from both past and future.",horror thriller family heads isolated hotel winter sinister presence influences father violence psychic son sees horrific forebodings past future
40,The Hangover,Comedy,"Three buddies wake up from a bachelor party in Las Vegas, with no memory of the previous night and the bachelor missing. They make their way around the city in order to find their friend before his wedding.",2009,7.7,"Comedy Three buddies wake up from a bachelor party in Las Vegas, with no memory of the previous night and the bachelor missing. They make their way around the city in order to find their friend before his wedding.",comedy buddies wake bachelor party las vegas memory previous night bachelor missing make way city order friend wedding
41,Superbad,Comedy,Two co-dependent high school seniors are forced to deal with separation anxiety after their plan to stage a booze-soaked party goes awry.,2007,7.6,Comedy Two co-dependent high school seniors are forced to deal with separation anxiety after their plan to stage a booze-soaked party goes awry.,comedy dependent high school seniors forced deal separation anxiety plan stage booze soaked party goes awry
42,The Lord of the Rings: The Fellowship of the Ring,Adventure Fantasy Action,A meek Hobbit from the Shire and eight companions set out on a journey to destroy the powerful One Ring and save Middle-earth from the Dark Lord Sauron.,2001,8.8,Adventure Fantasy Action A meek Hobbit from the Shire and eight companions set out on a journey to destroy the powerful One Ring and save Middle-earth from the Dark Lord Sauron.,adventure fantasy action meek hobbit shire companions set journey destroy powerful ring save middle earth dark lord sauron
43,The Lord of the Rings: The Two Towers,Adventure Fantasy Action,"While Frodo and Sam edge closer to Mordor with the help of the shifty Gollum, the divided fellowship makes a stand against Sauron's new ally, Saruman, and his hordes of Isengard.",2002,8.7,"Adventure Fantasy Action While Frodo and Sam edge closer to Mordor with the help of the shifty Gollum, the divided fellowship makes a stand against Sauron's new ally, Saruman, and his hordes of Isengard.",adventure fantasy action frodo sam edge closer mordor help shifty gollum divided fellowship makes stand sauron s new ally saruman hordes isengard
44,The Lord of the Rings: The Return of the King,Adventure Fantasy Action,Gandalf and Aragorn lead the World of Men against Sauron's army to draw his gaze from Frodo and Sam as they approach Mount Doom with the One Ring.,2003,9.0,Adventure Fantasy Action Gandalf and Aragorn lead the World of Men against Sauron's army to draw his gaze from Frodo and Sam as they approach Mount Doom with the One Ring.,adventure fantasy action gandalf aragorn lead world men sauron s army draw gaze frodo sam approach mount doom ring
45,Harry Potter and the Sorcerer's Stone,Adventure Fantasy Family,"An orphaned boy enrolls in a school of wizardry, where he learns the truth about himself, his family and the terrible evil that haunts the magical world.",2001,7.9,"Adventure Fantasy Family An orphaned boy enrolls in a school of wizardry, where he learns the truth about himself, his family and the terrible evil that haunts the magical world.",adventure fantasy family orphaned boy enrolls school wizardry learns truth family terrible evil haunts magical world
46,Pirates of the Caribbean: The Curse of the Black Pearl,Adventure Action Fantasy,"Blacksmith Will Turner teams up with eccentric pirate Captain Jack Sparrow to save his love, the governor's daughter, from Jack's former pirate allies, who are now undead.",2003,8.0,"Adventure Action Fantasy Blacksmith Will Turner teams up with eccentric pirate Captain Jack Sparrow to save his love, the governor's daughter, from Jack's former pirate allies, who are now undead.",adventure action fantasy blacksmith turner teams eccentric pirate captain jack sparrow save love governor s daughter jack s pirate allies undead
47,Arrival,Drama Science Fiction Mystery,A linguist works with the military to communicate with alien lifeforms after twelve mysterious spacecraft appear around the world.,2016,7.9,Drama Science Fiction Mystery A linguist works with the military to communicate with alien lifeforms after twelve mysterious spacecraft appear around the world.,drama science fiction mystery linguist works military communicate alien lifeforms mysterious spacecraft appear world
48,Gravity,Science Fiction Thriller Drama,Two astronauts work together to survive after an accident leaves them stranded in space with no tether to Earth.,2013,7.7,Science Fiction Thriller Drama Two astronauts work together to survive after an accident leaves them stranded in space with no tether to Earth.,science fiction thriller drama astronauts work survive accident leaves stranded space tether earth
49,Schindler's List,Drama History,"In German-occupied Poland during World War II, industrialist Oskar Schindler gradually becomes concerned for his Jewish workforce after witnessing their persecution by the Nazis.",1993,9.0,"Drama History In German-occupied Poland during World War II, industrialist Oskar Schindler gradually becomes concerned for his Jewish workforce after witnessing their persecution by the Nazis.",drama history german occupied poland world war ii industrialist oskar schindler gradually concerned jewish workforce witnessing persecution nazis
50,Deadpool,Action Adventure Comedy,"A wisecracking mercenary gets experimented on and becomes immortal but ugly, and sets out to track down the man who ruined his looks.",2016,7.6,"Action Adventure Comedy A wisecracking mercenary gets experimented on and becomes immortal but ugly, and sets out to track down the man who ruined his looks.",action adventure comedy wisecracking mercenary gets experimented immortal ugly sets track man ruined looks
