id,title,genres,overview,release_year,vote_average
1,The Dark Knight,Action Crime Drama,"Batman raises the stakes in his war on crime. With the help of Lt. Jim Gordon and District Attorney Harvey Dent, Batman sets out to dismantle the remaining criminal organizations that plague the streets. But they soon find themselves prey to a reign of chaos unleashed by a rising criminal mastermind known as the Joker.",2008,9.0
2,Batman Begins,Action Crime Drama,"Driven by tragedy, billionaire Bruce Wayne dedicates his life to uncovering and defeating the corruption that infests his home city of Gotham. Patrolling the streets night after night, Wayne assumes the role of Batman to strike fear into criminals.",2005,8.2
3,The Dark Knight Rises,Action Crime Drama,"Following the death of District Attorney Harvey Dent, Batman assumes responsibility for Dent's crimes. Eight years later, Batman encounters Selina Kyle and the villainous Bane, a terrorist leader who overwhelms Gotham.",2012,8.4
4,Inception,Action Science Fiction Adventure,"Cobb, a skilled thief who commits corporate espionage by infiltrating the subconscious of targets, is offered a chance to regain his old life for an impossible task: inception, planting an idea into a subconscious mind.",2010,8.8
5,Interstellar,Adventure Drama Science Fiction,A team of explorers travel through a newly discovered wormhole in space to surpass the limitations on human space travel and ensure humanity's survival across interstellar distances.,2014,8.6
6,The Matrix,Action Science Fiction,"Set in the 22nd century, The Matrix tells the story of a computer hacker who joins underground insurgents fighting artificial intelligence machines that have trapped humanity in a simulated reality.",1999,8.7
7,The Matrix Reloaded,Action Science Fiction,"Neo and Trinity fight against machines to protect Zion, the last human stronghold, while learning more about the origins and control mechanisms of the Matrix system.",2003,7.2
8,Blade Runner 2049,Science Fiction Drama Mystery,"Thirty years after the first film, a new blade runner, LAPD Officer K, unearths a secret that could plunge society into chaos, leading him on a quest to find former blade runner Rick Deckard.",2017,8.0
9,Avatar,Action Adventure Fantasy Science Fiction,"A paraplegic Marine is dispatched to the alien moon Pandora on a unique mission, but becomes torn between following orders and protecting an alien civilization on a lush extraterrestrial world.",2009,7.9
10,The Avengers,Action Adventure Science Fiction,"When an unexpected enemy emerges and threatens global security, Nick Fury brings together Iron Man, Captain America, Thor, and the Hulk to form the Avengers superhero team.",2012,8.0
11,Avengers: Age of Ultron,Action Adventure Science Fiction,"When Tony Stark attempts to jumpstart an artificial intelligence peacekeeping program called Ultron, the Avengers must assemble to stop Ultron from destroying humanity.",2015,7.3
12,Avengers: Infinity War,Action Adventure Science Fiction,The Avengers and their superhero allies must be willing to sacrifice everything in an attempt to defeat the powerful cosmic despot Thanos before his blitz of devastation ruins the universe.,2018,8.4
13,Iron Man,Action Adventure Science Fiction,"After being held captive in an Afghan cave, billionaire engineer Tony Stark creates a unique weaponized suit of armor to fight evil and becomes the superhero Iron Man.",2008,7.9
14,Captain America: Civil War,Action Adventure Science Fiction,"Disagreement over international oversight of the Avengers fractures the superhero team into two opposing factions, one led by Steve Rogers and the other by Tony Stark.",2016,7.8
15,Spider-Man: No Way Home,Action Adventure Science Fiction,"Peter Parker seeks help from Doctor Strange to restore his secret identity as Spider-Man, but a spell goes wrong, breaking open the multiverse and summoning dangerous villains.",2021,8.2
16,Toy Story,Animation Comedy Family,A cowboy doll named Woody is profoundly threatened and jealous when a new spaceman figure named Buzz Lightyear becomes the top toy in a young boy named Andy's bedroom.,1995,8.3
17,Toy Story 2,Animation Comedy Family,"When Woody is stolen by a toy collector, Buzz Lightyear and his toy friends mount a rescue mission to save him before he becomes a museum property in Japan.",1999,7.9
18,Toy Story 3,Animation Comedy Family,"The toys are mistakenly delivered to a daycare center instead of the attic right before Andy leaves for college, and it is up to Woody to convince the other toys that they were not abandoned.",2010,8.3
19,"Monsters, Inc.",Animation Comedy Family,"Top monsters Sulley and Mike work at a factory that generates power from human children screams, but chaos erupts when a sweet little girl accidentally enters the monster world.",2001,8.1
20,Finding Nemo,Animation Family Comedy,"After his young son Nemo is captured in the Great Barrier Reef and taken to Sydney, a timid clownfish named Marlin sets out on an ocean journey with an amnesiac fish named Dory to rescue him.",2003,8.2
21,The Lion King,Animation Drama Family,"Lion prince Simba and his father are targeted by his bitter uncle Scar, who wants to ascend the throne. Simba flees into exile but returns to reclaim his royal kingdom.",1994,8.5
22,Up,Animation Comedy Family Adventure,"An elderly widower named Carl Fredricksen ties thousands of balloons to his house to fly away to Paradise Falls in South America, unknowingly taking a young wilderness explorer with him.",2009,8.2
23,Shrek,Animation Comedy Fantasy Adventure,"A mean lord exiles fairytale creatures to the swamp of a grumpy ogre named Shrek, who must go on a quest and rescue a spirited princess for the lord in order to get his land back.",2001,7.9
24,The Godfather,Drama Crime,The aging patriarch of an organized crime dynasty in New York transfers control of his clandestine empire to his reluctant youngest son Michael Corleone.,1972,9.2
25,The Godfather Part II,Drama Crime,"The early life and career of Vito Corleone in 1920s New York City is portrayed, while his son Michael expands and tightens his grip on the family crime syndicate across Nevada and Cuba.",1974,9.0
26,Pulp Fiction,Thriller Crime,"The lives of two mob hitmen, a boxer, a gangster and his wife, and a pair of diner bandits intertwine in four tales of violence and redemption in Los Angeles.",1994,8.9
27,GoodFellas,Drama Crime,"The story of Henry Hill and his life in the mob, covering his relationship with his wife and his mafia partners Jimmy Conway and Tommy DeVito in the Italian-American crime syndicate.",1990,8.7
28,The Departed,Drama Crime Mystery Thriller,An undercover cop and a mole in the police force attempt to identify each other while infiltrating an Irish gang in South Boston.,2006,8.5
29,Fight Club,Drama,"An insomniac office worker and a devil-may-care soap maker form an underground fight club that evolves into much more, spreading into an anarchic anti-consumerist movement.",1999,8.8
30,The Shawshank Redemption,Drama Crime,"Over the course of several years, two convicts form a friendship, seeking consolation and, eventually, redemption through basic compassion inside the walls of Shawshank prison.",1994,9.3
31,Titanic,Drama Romance,"A seventeen-year-old aristocrat falls in love with a kind but poor artist aboard the luxurious, ill-fated R.M.S. Titanic during its maiden voyage across the Atlantic Ocean.",1997,7.9
32,The Notebook,Romance Drama,"A poor yet passionate young man falls in love with a rich young woman, giving her a sense of freedom, but they are soon separated because of their social differences.",2004,7.8
33,La La Land,Comedy Drama Romance,"While navigating their careers in Los Angeles, a pianist and an actress fall in love while attempting to reconcile their aspirations for the future.",2016,8.0
34,Pride and Prejudice,Drama Romance,"Sparks fly when spirited Elizabeth Bennet meets single, rich, and proud Mr. Darcy. But Mr. Darcy reluctantly finds himself falling in love with a woman beneath his class.",2005,7.8
35,The Conjuring,Horror Thriller,"Paranormal investigators Ed and Lorraine Warren work to help a family terrorized by a dark presence in their farmhouse, facing a terrifying demonic entity.",2013,7.5
36,The Conjuring 2,Horror Mystery Thriller,Lorraine and Ed Warren travel to North London to help a single mother raising four children alone in a house plagued by a malicious spirit and supernatural entities.,2016,7.3
37,Insidious,Horror Mystery Thriller,A family looks to prevent evil spirits from trapping their comatose child in a realm called The Further after moving into a haunted house.,2010,6.8
38,A Quiet Place,Horror Drama Science Fiction,A family must navigate their lives in silence while hiding from mysterious extraterrestrial monsters with ultra-sensitive hearing that hunt any sound.,2018,7.5
39,The Shining,Horror Thriller,"A family heads to an isolated hotel for the winter where a sinister presence influences the father into violence, while his psychic son sees horrific forebodings from both past and future.",1980,8.4
40,The Hangover,Comedy,"Three buddies wake up from a bachelor party in Las Vegas, with no memory of the previous night and the bachelor missing. They make their way around the city in order to find their friend before his wedding.",2009,7.7
41,Superbad,Comedy,Two co-dependent high school seniors are forced to deal with separation anxiety after their plan to stage a booze-soaked party goes awry.,2007,7.6
42,The Lord of the Rings: The Fellowship of the Ring,Adventure Fantasy Action,A meek Hobbit from the Shire and eight companions set out on a journey to destroy the powerful One Ring and save Middle-earth from the Dark Lord Sauron.,2001,8.8
43,The Lord of the Rings: The Two Towers,Adventure Fantasy Action,"While Frodo and Sam edge closer to Mordor with the help of the shifty Gollum, the divided fellowship makes a stand against Sauron's new ally, Saruman, and his hordes of Isengard.",2002,8.7
44,The Lord of the Rings: The Return of the King,Adventure Fantasy Action,Gandalf and Aragorn lead the World of Men against Sauron's army to draw his gaze from Frodo and Sam as they approach Mount Doom with the One Ring.,2003,9.0
45,Harry Potter and the Sorcerer's Stone,Adventure Fantasy Family,"An orphaned boy enrolls in a school of wizardry, where he learns the truth about himself, his family and the terrible evil that haunts the magical world.",2001,7.9
46,Pirates of the Caribbean: The Curse of the Black Pearl,Adventure Action Fantasy,"Blacksmith Will Turner teams up with eccentric pirate Captain Jack Sparrow to save his love, the governor's daughter, from Jack's former pirate allies, who are now undead.",2003,8.0
47,Arrival,Drama Science Fiction Mystery,A linguist works with the military to communicate with alien lifeforms after twelve mysterious spacecraft appear around the world.,2016,7.9
48,Gravity,Science Fiction Thriller Drama,Two astronauts work together to survive after an accident leaves them stranded in space with no tether to Earth.,2013,7.7
49,Schindler's List,Drama History,"In German-occupied Poland during World War II, industrialist Oskar Schindler gradually becomes concerned for his Jewish workforce after witnessing their persecution by the Nazis.",1993,9.0
50,Deadpool,Action Adventure Comedy,"A wisecracking mercenary gets experimented on and becomes immortal but ugly, and sets out to track down the man who ruined his looks.",2016,7.6
