id,category,raw_text,final_clean_text
1,Movie Review,"<div><b>BEST MOVIE OF 2024!!!</b> The acting was soooo good and the climax was mind blowing. Check trailer at https://moviehub.com/trailer or email info@cinema.com 🔥🎬</div>",movie acting good climax mind blowing trailer cinema
2,Tweet / Social Media,"omg this phone battery is terribleeee... drained in 3 hours!! pls fix this update @support. u guys promised gr8 performance 😡👎",phone battery terrible drained hour update support promised great performance
3,Product Review,"<p>Ordered these wireless earbuds on 15/08/2024 for $49.99. Sound quality is 10/10, bass is heavy, and connectivity is smooth! Visit https://audiotech.io/earbuds</p>",ordered wireless earbuds sound quality bass heavy connectivity smooth visit tech
4,Support Ticket,"Customer service was completely useless... Waited 45 mins on call. Ticket #88412. Send refund details to user_parth@email.in ASAP! Never ordering again!!",customer service useless waited minute call ticket refund detail user email never ordering
5,Movie Review,"The visual effects were amaziiing! I watched it 3 times in IMAX with my friends. Rating: 5/5 stars ⭐⭐⭐⭐⭐",visual effect amazing watched time imax friend rating star
6,Tweet / Social Media,"hey guys, thx for the support on my new vlog! Watch full video here: https://youtube.com/watch?v=sample123. u won't regret it 🎉🚀",support new vlog watch full video regret
7,Product Review,"<div>DO NOT BUY THIS LAPTOP!! Overheating issue at 90C within 15 mins of gaming. Contacting seller at returns@techstore.org <div>",buy laptop overheating issue within minute gaming contact seller tech store
8,Social Media,"cooool weather outside today! Sitting in the garden and reading interesting studies on climate change. leaves are falling everywhere 🍂",cool weather outside today sitting garden reading interesting study climate change leaf falling everywhere
9,Support Ticket,"App crashes repeatedly whenever I click checkout button... Error code 500! Fix it pls bcoz I want to place order before midnight ⏱️",app crash repeatedly whenever click checkout button error code fix want place order midnight
10,Movie Review,"<span class=\"review\">Worst sequel ever made... Dialogue was boring and plot had 100 plotholes. Total waste of $15. Rating: 1 star.</span>",worst sequel ever made dialogue boring plot plothole total waste rating star
11,Product Review,"The running shoes fit perfectly. I was running 6 miles daily and they feel super comfortable. Highly recommended! 👍",running shoe fit perfectly running mile daily feel super comfortable highly recommended
12,Tweet / Social Media,"idk why people hate this show so much? The storyline was gr8 and actors did a wonderful job. What do u think? 🤔",people hate show much storyline great actor wonderful job think
13,Social Media,"Discount code SAVE30 is working! Got 30% off on all sneakers at https://shoespot.com/sale. Offer ends today at 11:59 PM!",discount code working off sneaker sale offer end today
14,Customer Feedback,"The doctor was very caring and polite. She examined all medical reports carefully before prescribing medicines. Great experience! ❤️",doctor caring polite examined medical report carefully prescribing medicine great experience
15,Product Review,"<b>Fast delivery!</b> Package arrived in 2 days undamaged. Quality of the leather jacket is premium. Worth every penny! 🧥",fast delivery package arrived day undamaged quality leather jacket premium worth every penny
16,Support Ticket,"Can someone help me reset password? I did not receive verification OTP on my email alex99@domain.com. Pls resolve quickly!",someone help reset password receive verification otp email domain resolve quickly
17,Tweet / Social Media,"noooo way! Our team won the championship match in last 10 seconds! What a historic comeback 🏆🔥",way team championship match last second historic comeback
18,Movie Review,"<p>Loved the cinematography and background score! Better than all previous franchise movies. Check review at https://filmblog.net/review</p>",loved cinematography background score better previous franchise movie check review film blog
19,Product Review,"Mechanical keyboard feels clicky and responsive. RGB lighting has 16 modes. Battery lasts 40 hours easily on single charge ⌨️",mechanical keyboard feel clicky responsive rgb lighting mode battery last hour easily single charge
20,Support Ticket,"Flight AI-302 got delayed by 4 hours without notice. Airlines gave 0 food vouchers. Extremely frustrated with this service! ✈️",flight delayed hour without notice airline gave food voucher extremely frustrated service
21,Social Media,"learning NLP and text preprocessing today! It is sooo interesting to see how computers understand human languages 💻📚",learning nlp text preprocessing today interesting see computer understand human language
22,Product Review,"<a href=\"https://smartshop.in/deals\">Click here</a> to get smart watch at 50% discount. Tracks heart rate and sleeping patterns accurately.",click smart watch discount track heart rate sleeping pattern accurately
23,Customer Feedback,"Hotel room was neat and clean. AC was working properly and staff was very polite. Will definitely visit again next year! 🏨",hotel room neat clean ac working properly staff polite definitely visit next year
24,Tweet / Social Media,"omg wait... did u see the new electric car launch today? The design looks from future! Check photos at https://evnews.org/launch 🚗",see electric car launch today design look future check photo ev news
25,Movie Review,"Average thriller movie... First half was exciting but second half was predictable. Good for one-time watch on weekend.",average thriller movie first half exciting second half predictable good one time watch weekend
